Date,Total,Revolving,Nonrevolving
1/1/1943,6,577.83,,6,577.83
2/1/1943,6,463.04,,6,463.04
3/1/1943,6,234.21,,6,234.21
4/1/1943,6,125.75,,6,125.75
5/1/1943,5,936.26,,5,936.26
6/1/1943,5,822.23,,5,822.23
7/1/1943,5,718.37,,5,718.37
8/1/1943,5,638.75,,5,638.75
9/1/1943,5,647.59,,5,647.59
10/1/1943,5,650.74,,5,650.74
11/1/1943,5,576.87,,5,576.87
12/1/1943,5,462.52,,5,462.52
1/1/1944,5,398.57,,5,398.57
2/1/1944,5,354.36,,5,354.36
3/1/1944,5,370.36,,5,370.36
4/1/1944,5,379.18,,5,379.18
5/1/1944,5,430.50,,5,430.50
6/1/1944,5,467.79,,5,467.79
7/1/1944,5,498.20,,5,498.20
8/1/1944,5,533.96,,5,533.96
9/1/1944,5,549.23,,5,549.23
10/1/1944,5,565.93,,5,565.93
11/1/1944,5,570.10,,5,570.10
12/1/1944,5,585.69,,5,585.69
1/1/1945,5,602.73,,5,602.73
2/1/1945,5,573.81,,5,573.81
3/1/1945,5,667.69,,5,667.69
4/1/1945,5,582.45,,5,582.45
5/1/1945,5,605.25,,5,605.25
6/1/1945,5,704.45,,5,704.45
7/1/1945,5,748.78,,5,748.78
8/1/1945,5,767.01,,5,767.01
9/1/1945,5,758.27,,5,758.27
10/1/1945,5,932.02,,5,932.02
11/1/1945,6,095.55,,6,095.55
12/1/1945,6,567.05,,6,567.05
1/1/1946,6,504.51,,6,504.51
2/1/1946,6,765.95,,6,765.95
3/1/1946,7,005.45,,7,005.45
4/1/1946,7,333.22,,7,333.22
5/1/1946,7,532.37,,7,532.37
6/1/1946,7,702.21,,7,702.21
7/1/1946,7,933.64,,7,933.64
8/1/1946,8,345.16,,8,345.16
9/1/1946,8,599.60,,8,599.60
10/1/1946,8,895.14,,8,895.14
11/1/1946,9,218.28,,9,218.28
12/1/1946,9,444.39,,9,444.39
1/1/1947,9,770.20,,9,770.20
2/1/1947,10,089.00,,10,089.00
3/1/1947,10,345.85,,10,345.85
4/1/1947,10,645.94,,10,645.94
5/1/1947,10,926.31,,10,926.31
6/1/1947,11,135.65,,11,135.65
7/1/1947,11,364.12,,11,364.12
8/1/1947,11,582.88,,11,582.88
9/1/1947,11,860.30,,11,860.30
10/1/1947,12,205.13,,12,205.13
11/1/1947,12,534.87,,12,534.87
12/1/1947,12,855.62,,12,855.62
1/1/1948,13,228.61,,13,228.61
2/1/1948,13,524.28,,13,524.28
3/1/1948,13,921.24,,13,921.24
4/1/1948,14,264.07,,14,264.07
5/1/1948,14,500.28,,14,500.28
6/1/1948,14,775.27,,14,775.27
7/1/1948,15,041.57,,15,041.57
8/1/1948,15,229.70,,15,229.70
9/1/1948,15,515.14,,15,515.14
10/1/1948,15,579.62,,15,579.62
11/1/1948,15,603.37,,15,603.37
12/1/1948,15,803.23,,15,803.23
1/1/1949,15,901.70,,15,901.70
2/1/1949,16,009.26,,16,009.26
3/1/1949,16,092.98,,16,092.98
4/1/1949,16,413.20,,16,413.20
5/1/1949,16,638.10,,16,638.10
6/1/1949,16,860.93,,16,860.93
7/1/1949,17,061.10,,17,061.10
8/1/1949,17,355.49,,17,355.49
9/1/1949,17,695.16,,17,695.16
10/1/1949,18,021.32,,18,021.32
11/1/1949,18,435.99,,18,435.99
12/1/1949,18,772.21,,18,772.21
1/1/1950,19,050.87,,19,050.87
2/1/1950,19,371.63,,19,371.63
3/1/1950,19,734.83,,19,734.83
4/1/1950,20,148.38,,20,148.38
5/1/1950,20,621.68,,20,621.68
6/1/1950,21,118.84,,21,118.84
7/1/1950,22,086.29,,22,086.29
8/1/1950,22,728.26,,22,728.26
9/1/1950,23,171.57,,23,171.57
10/1/1950,23,242.15,,23,242.15
11/1/1950,23,258.56,,23,258.56
12/1/1950,23,229.16,,23,229.16
1/1/1951,23,797.60,,23,797.60
2/1/1951,24,109.42,,24,109.42
3/1/1951,24,280.96,,24,280.96
4/1/1951,24,076.15,,24,076.15
5/1/1951,23,994.88,,23,994.88
6/1/1951,23,841.03,,23,841.03
7/1/1951,23,706.57,,23,706.57
8/1/1951,23,940.11,,23,940.11
9/1/1951,24,098.29,,24,098.29
10/1/1951,24,288.01,,24,288.01
11/1/1951,24,639.74,,24,639.74
12/1/1951,24,627.95,,24,627.95
1/1/1952,24,801.92,,24,801.92
2/1/1952,25,151.92,,25,151.92
3/1/1952,25,195.58,,25,195.58
4/1/1952,25,548.05,,25,548.05
5/1/1952,26,146.47,,26,146.47
6/1/1952,26,762.43,,26,762.43
7/1/1952,27,210.19,,27,210.19
8/1/1952,27,468.78,,27,468.78
9/1/1952,27,869.82,,27,869.82
10/1/1952,28,496.56,,28,496.56
11/1/1952,29,049.11,,29,049.11
12/1/1952,29,685.58,,29,685.58
1/1/1953,30,479.45,,30,479.45
2/1/1953,30,886.61,,30,886.61
3/1/1953,31,639.33,,31,639.33
4/1/1953,32,117.35,,32,117.35
5/1/1953,32,431.82,,32,431.82
6/1/1953,32,501.58,,32,501.58
7/1/1953,32,792.30,,32,792.30
8/1/1953,33,060.61,,33,060.61
9/1/1953,33,255.74,,33,255.74
10/1/1953,33,482.28,,33,482.28
11/1/1953,33,558.31,,33,558.31
12/1/1953,33,696.92,,33,696.92
1/1/1954,34,064.90,,34,064.90
2/1/1954,33,701.35,,33,701.35
3/1/1954,33,507.66,,33,507.66
4/1/1954,33,706.50,,33,706.50
5/1/1954,33,704.80,,33,704.80
6/1/1954,33,815.39,,33,815.39
7/1/1954,34,057.20,,34,057.20
8/1/1954,34,009.56,,34,009.56
9/1/1954,34,137.28,,34,137.28
10/1/1954,34,363.37,,34,363.37
11/1/1954,34,608.56,,34,608.56
12/1/1954,35,028.27,,35,028.27
1/1/1955,35,372.51,,35,372.51
2/1/1955,35,925.41,,35,925.41
3/1/1955,36,530.32,,36,530.32
4/1/1955,37,235.21,,37,235.21
5/1/1955,37,736.78,,37,736.78
6/1/1955,38,536.67,,38,536.67
7/1/1955,39,029.43,,39,029.43
8/1/1955,39,732.77,,39,732.77
9/1/1955,40,394.19,,40,394.19
10/1/1955,40,833.66,,40,833.66
11/1/1955,41,366.82,,41,366.82
12/1/1955,41,869.03,,41,869.03
1/1/1956,42,120.13,,42,120.13
2/1/1956,42,561.07,,42,561.07
3/1/1956,43,205.25,,43,205.25
4/1/1956,43,383.97,,43,383.97
5/1/1956,43,799.61,,43,799.61
6/1/1956,44,053.63,,44,053.63
7/1/1956,44,173.42,,44,173.42
8/1/1956,44,498.86,,44,498.86
9/1/1956,44,778.98,,44,778.98
10/1/1956,44,934.15,,44,934.15
11/1/1956,45,400.79,,45,400.79
12/1/1956,45,448.24,,45,448.24
1/1/1957,45,700.50,,45,700.50
2/1/1957,46,042.24,,46,042.24
3/1/1957,46,245.30,,46,245.30
4/1/1957,46,517.42,,46,517.42
5/1/1957,46,838.04,,46,838.04
6/1/1957,47,000.29,,47,000.29
7/1/1957,47,368.47,,47,368.47
8/1/1957,47,646.21,,47,646.21
9/1/1957,47,741.48,,47,741.48
10/1/1957,47,879.00,,47,879.00
11/1/1957,47,959.67,,47,959.67
12/1/1957,48,078.27,,48,078.27
1/1/1958,48,292.47,,48,292.47
2/1/1958,48,097.52,,48,097.52
3/1/1958,47,773.44,,47,773.44
4/1/1958,47,662.50,,47,662.50
5/1/1958,47,618.28,,47,618.28
6/1/1958,47,507.36,,47,507.36
7/1/1958,47,552.28,,47,552.28
8/1/1958,47,592.98,,47,592.98
9/1/1958,47,712.92,,47,712.92
10/1/1958,47,823.17,,47,823.17
11/1/1958,47,987.48,,47,987.48
12/1/1958,48,394.35,,48,394.35
1/1/1959,48,961.16,,48,961.16
2/1/1959,49,513.71,,49,513.71
3/1/1959,50,007.73,,50,007.73
4/1/1959,50,463.43,,50,463.43
5/1/1959,51,007.24,,51,007.24
6/1/1959,51,675.44,,51,675.44
7/1/1959,52,356.85,,52,356.85
8/1/1959,53,038.53,,53,038.53
9/1/1959,53,683.75,,53,683.75
10/1/1959,54,365.95,,54,365.95
11/1/1959,54,794.81,,54,794.81
12/1/1959,56,010.68,,56,010.68
1/1/1960,56,015.58,,56,015.58
2/1/1960,56,364.63,,56,364.63
3/1/1960,56,862.88,,56,862.88
4/1/1960,57,711.40,,57,711.40
5/1/1960,57,951.03,,57,951.03
6/1/1960,58,387.06,,58,387.06
7/1/1960,58,746.71,,58,746.71
8/1/1960,58,947.15,,58,947.15
9/1/1960,59,364.65,,59,364.65
10/1/1960,59,628.99,,59,628.99
11/1/1960,59,874.01,,59,874.01
12/1/1960,60,025.31,,60,025.31
1/1/1961,60,671.85,,60,671.85
2/1/1961,60,310.13,,60,310.13
3/1/1961,60,455.46,,60,455.46
4/1/1961,60,075.87,,60,075.87
5/1/1961,60,179.69,,60,179.69
6/1/1961,60,334.75,,60,334.75
7/1/1961,60,395.98,,60,395.98
8/1/1961,60,619.48,,60,619.48
9/1/1961,60,883.09,,60,883.09
10/1/1961,61,158.22,,61,158.22
11/1/1961,61,748.29,,61,748.29
12/1/1961,62,248.53,,62,248.53
1/1/1962,62,282.80,,62,282.80
2/1/1962,62,640.35,,62,640.35
3/1/1962,63,128.57,,63,128.57
4/1/1962,63,866.91,,63,866.91
5/1/1962,64,601.04,,64,601.04
6/1/1962,65,137.42,,65,137.42
7/1/1962,65,512.18,,65,512.18
8/1/1962,66,055.12,,66,055.12
9/1/1962,66,438.33,,66,438.33
10/1/1962,67,028.88,,67,028.88
11/1/1962,67,642.10,,67,642.10
12/1/1962,68,126.72,,68,126.72
1/1/1963,68,656.46,,68,656.46
2/1/1963,69,376.75,,69,376.75
3/1/1963,70,073.41,,70,073.41
4/1/1963,70,801.61,,70,801.61
5/1/1963,71,335.14,,71,335.14
6/1/1963,71,875.59,,71,875.59
7/1/1963,72,716.45,,72,716.45
8/1/1963,73,576.16,,73,576.16
9/1/1963,74,169.77,,74,169.77
10/1/1963,75,112.95,,75,112.95
11/1/1963,75,606.92,,75,606.92
12/1/1963,76,581.45,,76,581.45
1/1/1964,77,461.36,,77,461.36
2/1/1964,78,336.23,,78,336.23
3/1/1964,79,240.41,,79,240.41
4/1/1964,79,908.16,,79,908.16
5/1/1964,80,834.52,,80,834.52
6/1/1964,81,428.18,,81,428.18
7/1/1964,82,294.50,,82,294.50
8/1/1964,82,973.05,,82,973.05
9/1/1964,83,921.97,,83,921.97
10/1/1964,84,530.18,,84,530.18
11/1/1964,84,944.03,,84,944.03
12/1/1964,85,959.57,,85,959.57
1/1/1965,87,182.59,,87,182.59
2/1/1965,88,152.04,,88,152.04
3/1/1965,88,916.07,,88,916.07
4/1/1965,90,047.41,,90,047.41
5/1/1965,90,885.88,,90,885.88
6/1/1965,91,830.09,,91,830.09
7/1/1965,92,694.63,,92,694.63
8/1/1965,93,287.10,,93,287.10
9/1/1965,94,126.48,,94,126.48
10/1/1965,94,804.53,,94,804.53
11/1/1965,95,405.27,,95,405.27
12/1/1965,95,954.72,,95,954.72
1/1/1966,97,030.72,,97,030.72
2/1/1966,97,758.36,,97,758.36
3/1/1966,98,446.39,,98,446.39
4/1/1966,98,805.09,,98,805.09
5/1/1966,99,305.44,,99,305.44
6/1/1966,99,788.67,,99,788.67
7/1/1966,100,061.44,,100,061.44
8/1/1966,100,586.70,,100,586.70
9/1/1966,100,672.45,,100,672.45
10/1/1966,100,953.07,,100,953.07
11/1/1966,101,437.35,,101,437.35
12/1/1966,101,788.22,,101,788.22
1/1/1967,102,198.55,,102,198.55
2/1/1967,102,362.59,,102,362.59
3/1/1967,102,732.16,,102,732.16
4/1/1967,102,885.94,,102,885.94
5/1/1967,103,151.40,,103,151.40
6/1/1967,103,741.04,,103,741.04
7/1/1967,104,094.25,,104,094.25
8/1/1967,104,677.52,,104,677.52
9/1/1967,105,172.29,,105,172.29
10/1/1967,105,440.72,,105,440.72
11/1/1967,106,296.61,,106,296.61
12/1/1967,106,842.64,,106,842.64
1/1/1968,106,772.40,1,316.77,105,455.63
2/1/1968,107,928.42,1,358.78,106,569.64
3/1/1968,108,689.05,1,412.75,107,276.30
4/1/1968,109,597.58,1,477.66,108,119.91
5/1/1968,110,377.01,1,538.42,108,838.59
6/1/1968,111,067.85,1,614.48,109,453.37
7/1/1968,112,123.70,1,685.67,110,438.04
8/1/1968,112,844.95,1,769.11,111,075.84
9/1/1968,113,754.24,1,839.73,111,914.51
10/1/1968,115,228.26,1,955.13,113,273.13
11/1/1968,116,196.05,1,997.21,114,198.84
12/1/1968,117,399.09,2,041.54,115,357.55
1/1/1969,118,225.98,2,137.51,116,088.47
2/1/1969,119,449.04,2,216.34,117,232.70
3/1/1969,120,431.48,2,307.70,118,123.78
4/1/1969,121,523.69,2,438.57,119,085.12
5/1/1969,122,564.81,2,593.69,119,971.12
6/1/1969,123,380.66,2,727.96,120,652.71
7/1/1969,124,003.98,2,863.67,121,140.31
8/1/1969,124,608.68,2,997.20,121,611.48
9/1/1969,125,319.14,3,158.96,122,160.18
10/1/1969,126,019.72,3,326.94,122,692.79
11/1/1969,126,569.23,3,463.95,123,105.28
12/1/1969,127,156.18,3,604.84,123,551.35
1/1/1970,127,802.99,3,693.21,124,109.78
2/1/1970,128,191.15,3,802.58,124,388.57
3/1/1970,128,280.00,3,908.14,124,371.86
4/1/1970,128,374.72,4,033.54,124,341.19
5/1/1970,128,534.04,4,137.90,124,396.14
6/1/1970,129,185.43,4,280.08,124,905.34
7/1/1970,129,856.91,4,422.89,125,434.01
8/1/1970,130,184.60,4,542.39,125,642.21
9/1/1970,130,850.83,4,686.66,126,164.17
10/1/1970,131,113.07,4,835.92,126,277.15
11/1/1970,130,807.43,4,914.97,125,892.46
12/1/1970,131,551.55,4,961.46,126,590.09
1/1/1971,134,164.06,7,168.98,126,995.07
2/1/1971,134,932.92,7,232.87,127,700.05
3/1/1971,135,736.29,7,297.56,128,438.74
4/1/1971,136,992.53,7,459.91,129,532.62
5/1/1971,137,840.93,7,642.01,130,198.92
6/1/1971,138,768.93,7,739.85,131,029.09
7/1/1971,139,908.02,7,900.86,132,007.17
8/1/1971,141,252.09,8,044.78,133,207.31
9/1/1971,142,766.57,8,230.75,134,535.82
10/1/1971,143,926.76,8,313.58,135,613.18
11/1/1971,145,634.84,8,305.86,137,328.97
12/1/1971,146,930.18,8,245.33,138,684.84
1/1/1972,147,660.48,8,092.01,139,568.47
2/1/1972,148,924.54,8,093.82,140,830.72
3/1/1972,150,771.06,8,235.30,142,535.76
4/1/1972,152,321.95,8,427.95,143,894.00
5/1/1972,154,199.49,8,578.25,145,621.23
6/1/1972,156,153.01,8,785.71,147,367.30
7/1/1972,157,279.92,8,957.98,148,321.93
8/1/1972,158,939.36,9,133.16,149,806.20
9/1/1972,160,553.29,9,307.74,151,245.55
10/1/1972,162,225.03,9,390.08,152,834.96
11/1/1972,164,101.59,9,401.80,154,699.79
12/1/1972,166,189.10,9,379.24,156,809.86
1/1/1973,169,294.67,9,380.86,159,913.81
2/1/1973,171,601.83,9,505.71,162,096.12
3/1/1973,173,908.94,9,655.66,164,253.28
4/1/1973,175,762.68,9,824.85,165,937.83
5/1/1973,178,127.95,10,043.68,168,084.27
6/1/1973,180,429.27,10,347.07,170,082.20
7/1/1973,182,318.20,10,530.74,171,787.46
8/1/1973,184,326.51,10,800.76,173,525.75
9/1/1973,185,345.51,10,933.55,174,411.96
10/1/1973,187,476.09,11,187.70,176,288.39
11/1/1973,189,308.80,11,362.28,177,946.52
12/1/1973,190,086.31,11,342.22,178,744.09
1/1/1974,191,312.47,11,326.78,179,985.68
2/1/1974,192,515.36,11,326.44,181,188.92
3/1/1974,193,357.99,11,377.00,181,980.99
4/1/1974,194,603.55,11,582.43,183,021.12
5/1/1974,195,869.90,11,952.53,183,917.37
6/1/1974,196,887.80,12,289.55,184,598.24
7/1/1974,198,293.54,12,651.67,185,641.86
8/1/1974,199,316.80,13,026.68,186,290.11
9/1/1974,199,617.12,13,250.92,186,366.20
10/1/1974,199,534.77,13,530.65,186,004.12
11/1/1974,199,254.68,13,575.61,185,679.08
12/1/1974,198,917.84,13,241.26,185,676.58
1/1/1975,199,063.60,13,274.85,185,788.75
2/1/1975,199,507.75,13,221.56,186,286.19
3/1/1975,199,109.94,13,177.87,185,932.07
4/1/1975,198,742.86,13,342.63,185,400.23
5/1/1975,198,737.21,13,453.92,185,283.30
6/1/1975,196,043.36,13,590.96,182,452.41
7/1/1975,197,579.36,13,885.67,183,693.69
8/1/1975,198,211.59,14,167.55,184,044.04
9/1/1975,199,428.96,14,490.56,184,938.40
10/1/1975,200,434.28,14,811.04,185,623.24
11/1/1975,201,492.88,14,703.24,186,789.65
12/1/1975,204,002.00,14,495.27,189,506.73
1/1/1976,205,520.79,14,432.58,191,088.21
2/1/1976,206,709.29,14,350.37,192,358.93
3/1/1976,208,338.57,14,314.10,194,024.47
4/1/1976,210,500.06,14,596.04,195,904.02
5/1/1976,211,407.42,14,801.50,196,605.92
6/1/1976,213,240.10,15,085.81,198,154.30
7/1/1976,215,272.70,15,585.40,199,687.30
8/1/1976,216,509.86,15,900.54,200,609.32
9/1/1976,218,708.78,16,352.92,202,355.86
10/1/1976,220,867.10,16,747.19,204,119.91
11/1/1976,222,804.91,16,705.57,206,099.35
12/1/1976,225,721.59,16,489.05,209,232.54
1/1/1977,225,733.15,30,683.63,195,049.52
2/1/1977,228,528.21,30,533.90,197,994.31
3/1/1977,232,348.27,30,997.94,201,350.33
4/1/1977,235,594.05,31,817.66,203,776.39
5/1/1977,239,018.09,32,685.31,206,332.78
6/1/1977,242,408.58,33,430.02,208,978.57
7/1/1977,245,481.06,33,966.85,211,514.21
8/1/1977,248,474.53,34,605.80,213,868.73
9/1/1977,251,261.80,35,373.81,215,887.98
10/1/1977,255,415.64,36,473.74,218,941.91
11/1/1977,258,772.91,36,979.17,221,793.74
12/1/1977,260,562.70,37,414.82,223,147.88
1/1/1978,262,765.32,36,924.59,225,840.72
2/1/1978,265,738.02,36,894.21,228,843.81
3/1/1978,270,262.81,37,479.17,232,783.64
4/1/1978,274,136.98,38,343.03,235,793.94
5/1/1978,279,256.57,39,351.16,239,905.41
6/1/1978,285,100.77,40,546.99,244,553.78
7/1/1978,288,805.54,41,535.08,247,270.46
8/1/1978,292,813.11,42,481.86,250,331.25
9/1/1978,296,179.42,43,510.36,252,669.05
10/1/1978,298,812.49,44,445.07,254,367.42
11/1/1978,302,730.20,45,040.68,257,689.52
12/1/1978,306,100.39,45,690.95,260,409.43
1/1/1979,309,903.09,45,587.99,264,315.10
2/1/1979,313,523.78,45,807.13,267,716.65
3/1/1979,317,200.74,46,369.70,270,831.04
4/1/1979,320,944.87,47,389.97,273,554.91
5/1/1979,325,177.39,48,520.36,276,657.03
6/1/1979,328,172.74,49,405.27,278,767.47
7/1/1979,331,989.99,50,130.61,281,859.38
8/1/1979,335,785.46,51,271.47,284,513.99
9/1/1979,339,449.75,52,076.21,287,373.54
10/1/1979,343,251.30,53,180.70,290,070.61
11/1/1979,346,389.41,53,915.02,292,474.39
12/1/1979,348,589.11,53,596.43,294,992.67
1/1/1980,350,475.70,53,749.77,296,725.93
2/1/1980,353,056.23,54,129.13,298,927.10
3/1/1980,353,042.11,54,139.08,298,903.04
4/1/1980,351,287.21,53,960.04,297,327.17
5/1/1980,348,644.54,53,982.82,294,661.72
6/1/1980,346,696.96,53,784.12,292,912.84
7/1/1980,347,071.37,54,051.61,293,019.76
8/1/1980,347,546.01,54,414.11,293,131.90
9/1/1980,348,163.14,54,391.28,293,771.86
10/1/1980,349,597.72,54,357.30,295,240.42
11/1/1980,350,004.49,54,445.86,295,558.63
12/1/1980,351,920.05,54,970.05,296,950.00
1/1/1981,353,029.32,55,491.18,297,538.14
2/1/1981,354,744.99,55,811.35,298,933.64
3/1/1981,357,127.13,56,282.22,300,844.92
4/1/1981,359,132.87,57,125.32,302,007.54
5/1/1981,361,232.80,57,767.16,303,465.64
6/1/1981,362,743.46,58,742.01,304,001.45
7/1/1981,364,677.73,59,044.70,305,633.03
8/1/1981,365,154.46,59,299.19,305,855.27
9/1/1981,369,595.74,60,194.75,309,400.99
10/1/1981,370,456.71,60,627.36,309,829.36
11/1/1981,371,759.91,60,757.36,311,002.55
12/1/1981,371,301.44,60,928.00,310,373.44
1/1/1982,375,167.36,61,196.10,313,971.26
2/1/1982,376,377.07,61,468.81,314,908.25
3/1/1982,376,885.41,61,625.25,315,260.16
4/1/1982,378,634.28,62,254.83,316,379.45
5/1/1982,380,438.80,62,849.21,317,589.60
6/1/1982,381,985.62,63,485.42,318,500.20
7/1/1982,382,447.10,64,340.66,318,106.43
8/1/1982,382,862.64,64,804.38,318,058.26
9/1/1982,384,355.25,65,141.16,319,214.09
10/1/1982,384,967.19,65,446.13,319,521.05
11/1/1982,386,766.65,65,640.31,321,126.34
12/1/1982,389,848.74,66,348.30,323,500.44
1/1/1983,391,827.73,66,726.23,325,101.49
2/1/1983,392,360.96,66,756.20,325,604.76
3/1/1983,395,583.05,67,541.54,328,041.51
4/1/1983,398,426.71,68,403.34,330,023.37
5/1/1983,399,953.72,68,885.53,331,068.19
6/1/1983,404,832.60,70,280.80,334,551.80
7/1/1983,409,475.21,71,540.34,337,934.87
8/1/1983,413,993.57,72,565.93,341,427.64
9/1/1983,417,820.94,73,563.89,344,257.06
10/1/1983,423,773.00,75,122.16,348,650.84
11/1/1983,429,977.38,76,786.94,353,190.44
12/1/1983,437,068.86,79,027.25,358,041.61
1/1/1984,441,991.13,79,113.94,362,877.19
2/1/1984,451,907.03,80,704.49,371,202.54
3/1/1984,456,550.16,83,057.09,373,493.07
4/1/1984,462,141.22,84,327.07,377,814.15
5/1/1984,472,444.28,87,090.05,385,354.23
6/1/1984,480,994.54,89,418.95,391,575.58
7/1/1984,487,148.80,90,385.67,396,763.13
8/1/1984,494,117.63,92,431.69,401,685.95
9/1/1984,498,496.40,94,471.91,404,024.49
10/1/1984,504,658.66,96,233.11,408,425.54
11/1/1984,510,154.08,98,135.90,412,018.18
12/1/1984,517,278.98,100,385.63,416,893.35
1/1/1985,523,979.36,102,841.83,421,137.53
2/1/1985,532,448.43,105,340.46,427,107.96
3/1/1985,541,757.18,107,950.35,433,806.83
4/1/1985,549,348.71,110,068.39,439,280.32
5/1/1985,555,842.05,111,156.29,444,685.77
6/1/1985,561,206.60,112,395.48,448,811.12
7/1/1985,567,653.00,114,134.31,453,518.69
8/1/1985,573,299.31,115,993.70,457,305.61
9/1/1985,582,148.37,118,336.14,463,812.23
10/1/1985,588,307.45,120,236.06,468,071.40
11/1/1985,594,477.75,122,546.42,471,931.33
12/1/1985,599,711.23,124,465.80,475,245.43
1/1/1986,605,703.02,127,088.32,478,614.71
2/1/1986,610,678.29,128,797.56,481,880.73
3/1/1986,613,376.62,130,177.99,483,198.63
4/1/1986,619,657.73,132,040.35,487,617.38
5/1/1986,625,819.96,133,599.11,492,220.85
6/1/1986,630,055.83,134,409.45,495,646.39
7/1/1986,635,150.95,135,661.07,499,489.88
8/1/1986,638,904.39,136,858.57,502,045.82
9/1/1986,646,023.16,137,247.37,508,775.79
10/1/1986,653,787.29,138,906.54,514,880.75
11/1/1986,653,767.30,139,963.12,513,804.18
12/1/1986,654,750.24,141,068.15,513,682.08
1/1/1987,653,267.48,141,107.87,512,159.61
2/1/1987,652,532.30,142,423.95,510,108.35
3/1/1987,651,197.67,143,101.73,508,095.94
4/1/1987,656,401.42,145,491.85,510,909.57
5/1/1987,658,470.03,147,306.50,511,163.53
6/1/1987,662,897.50,149,833.79,513,063.70
7/1/1987,667,659.79,152,397.41,515,262.37
8/1/1987,672,225.14,153,871.20,518,353.94
9/1/1987,676,211.16,156,460.89,519,750.26
10/1/1987,681,184.46,158,074.33,523,110.13
11/1/1987,684,710.04,158,018.95,526,691.09
12/1/1987,686,318.77,160,853.91,525,464.86
1/1/1988,692,270.95,164,681.90,527,589.06
2/1/1988,696,387.29,165,957.33,530,429.96
3/1/1988,700,701.20,167,525.90,533,175.30
4/1/1988,705,868.05,169,090.73,536,777.32
5/1/1988,710,045.85,170,749.58,539,296.28
6/1/1988,713,189.19,172,963.18,540,226.01
7/1/1988,716,113.02,174,019.27,542,093.75
8/1/1988,721,535.58,175,868.92,545,666.66
9/1/1988,722,947.69,177,480.12,545,467.57
10/1/1988,726,105.33,179,832.14,546,273.18
11/1/1988,729,660.07,183,011.11,546,648.97
12/1/1988,731,917.76,184,593.12,547,324.64
1/1/1989,749,023.08,185,723.07,563,300.01
2/1/1989,752,893.00,187,614.80,565,278.20
3/1/1989,760,018.34,190,924.09,569,094.25
4/1/1989,764,712.45,193,141.59,571,570.85
5/1/1989,769,275.70,195,155.98,574,119.72
6/1/1989,773,227.11,197,683.95,575,543.16
7/1/1989,776,260.08,199,528.82,576,731.26
8/1/1989,778,876.50,201,862.61,577,013.90
9/1/1989,781,822.09,203,176.98,578,645.11
10/1/1989,785,545.65,204,925.86,580,619.79
11/1/1989,790,297.25,207,625.30,582,671.95
12/1/1989,794,612.18,211,229.83,583,382.34
1/1/1990,797,714.86,213,647.44,584,067.42
2/1/1990,798,773.19,216,504.57,582,268.62
3/1/1990,798,748.09,217,589.37,581,158.72
4/1/1990,798,747.01,219,769.62,578,977.38
5/1/1990,799,751.03,223,276.19,576,474.84
6/1/1990,802,892.74,225,664.82,577,227.92
7/1/1990,806,887.50,229,586.26,577,301.24
8/1/1990,808,758.57,232,414.91,576,343.66
9/1/1990,810,436.23,234,725.03,575,711.19
10/1/1990,812,655.11,236,170.64,576,484.47
11/1/1990,813,662.66,239,294.12,574,368.55
12/1/1990,808,230.57,238,642.62,569,587.95
1/1/1991,806,600.50,238,714.84,567,885.66
2/1/1991,807,030.43,242,288.12,564,742.31
3/1/1991,808,351.83,246,840.76,561,511.07
4/1/1991,807,818.95,248,743.89,559,075.06
5/1/1991,807,832.16,250,931.03,556,901.14
6/1/1991,805,994.66,252,246.44,553,748.22
7/1/1991,804,027.56,253,720.26,550,307.30
8/1/1991,802,021.92,255,892.74,546,129.18
9/1/1991,800,889.34,258,812.22,542,077.11
10/1/1991,798,616.98,261,348.24,537,268.74
11/1/1991,798,274.98,262,777.28,535,497.70
12/1/1991,798,028.97,263,768.55,534,260.42
1/1/1992,798,982.71,265,386.49,533,596.22
2/1/1992,799,640.38,266,482.13,533,158.25
3/1/1992,799,442.11,266,755.70,532,686.41
4/1/1992,797,658.14,267,829.23,529,828.90
5/1/1992,797,667.90,268,751.80,528,916.10
6/1/1992,797,276.31,270,707.63,526,568.68
7/1/1992,798,068.16,270,817.59,527,250.56
8/1/1992,799,823.80,272,080.50,527,743.30
9/1/1992,800,198.90,273,176.96,527,021.95
10/1/1992,799,555.99,275,207.64,524,348.35
11/1/1992,802,697.98,275,459.75,527,238.23
12/1/1992,806,118.69,278,449.67,527,669.02
1/1/1993,809,325.43,280,994.81,528,330.62
2/1/1993,814,058.92,283,531.25,530,527.68
3/1/1993,813,656.29,284,890.41,528,765.89
4/1/1993,819,756.94,286,976.13,532,780.81
5/1/1993,819,759.05,288,470.63,531,288.42
6/1/1993,823,811.81,289,961.25,533,850.55
7/1/1993,829,518.73,294,232.01,535,286.72
8/1/1993,834,235.53,296,264.17,537,971.36
9/1/1993,840,602.98,299,447.98,541,155.00
10/1/1993,847,616.63,301,654.09,545,962.54
11/1/1993,856,523.42,306,564.01,549,959.41
12/1/1993,865,650.58,309,908.02,555,742.56
1/1/1994,872,021.82,312,521.67,559,500.15
2/1/1994,880,352.86,315,413.72,564,939.14
3/1/1994,891,333.16,319,777.37,571,555.79
4/1/1994,900,989.53,325,015.74,575,973.79
5/1/1994,912,863.70,329,097.63,583,766.07
6/1/1994,924,216.02,334,852.80,589,363.22
7/1/1994,931,134.74,339,945.48,591,189.26
8/1/1994,944,803.17,347,670.70,597,132.47
9/1/1994,957,375.60,350,083.91,607,291.69
10/1/1994,968,468.71,352,779.03,615,689.68
11/1/1994,981,426.11,362,592.72,618,833.39
12/1/1994,997,301.74,365,569.56,631,732.19
1/1/1995,1,010,395.04,372,003.17,638,391.87
2/1/1995,1,018,559.11,378,103.38,640,455.74
3/1/1995,1,033,632.09,385,559.92,648,072.17
4/1/1995,1,043,695.17,389,743.58,653,951.59
5/1/1995,1,057,470.83,398,163.97,659,306.86
6/1/1995,1,069,377.91,406,087.43,663,290.48
7/1/1995,1,077,737.00,409,141.29,668,595.71
8/1/1995,1,089,602.05,417,565.74,672,036.31
9/1/1995,1,106,612.68,429,032.15,677,580.53
10/1/1995,1,113,528.51,433,450.42,680,078.10
11/1/1995,1,132,160.17,436,740.16,695,420.01
12/1/1995,1,140,744.36,443,920.09,696,824.27
1/1/1996,1,153,270.30,449,994.68,703,275.62
2/1/1996,1,163,093.78,455,597.38,707,496.40
3/1/1996,1,171,684.26,461,591.95,710,092.31
4/1/1996,1,180,903.10,465,781.59,715,121.51
5/1/1996,1,191,113.69,470,659.79,720,453.90
6/1/1996,1,200,950.02,474,262.36,726,687.65
7/1/1996,1,211,897.36,479,267.01,732,630.35
8/1/1996,1,220,503.00,483,293.11,737,209.89
9/1/1996,1,225,271.76,486,284.81,738,986.95
10/1/1996,1,231,336.10,490,441.62,740,894.48
11/1/1996,1,242,421.91,497,511.48,744,910.43
12/1/1996,1,253,437.09,507,516.57,745,920.52
1/1/1997,1,258,365.28,510,470.26,747,895.02
2/1/1997,1,261,850.81,511,713.55,750,137.26
3/1/1997,1,264,146.34,511,956.09,752,190.25
4/1/1997,1,274,087.38,511,864.57,762,222.81
5/1/1997,1,278,678.42,514,481.11,764,197.31
6/1/1997,1,282,858.52,515,566.18,767,292.34
7/1/1997,1,288,782.03,520,896.35,767,885.68
8/1/1997,1,294,219.24,524,444.78,769,774.46
9/1/1997,1,301,634.97,528,722.40,772,912.57
10/1/1997,1,309,389.39,532,044.28,777,345.11
11/1/1997,1,312,457.18,534,807.80,777,649.38
12/1/1997,1,324,757.33,540,005.56,784,751.77
1/1/1998,1,320,044.02,537,942.46,782,101.57
2/1/1998,1,324,342.72,538,894.29,785,448.43
3/1/1998,1,332,903.44,541,447.51,791,455.93
4/1/1998,1,360,456.29,560,906.83,799,549.46
5/1/1998,1,363,080.86,559,834.13,803,246.74
6/1/1998,1,373,942.33,561,550.45,812,391.87
7/1/1998,1,380,720.85,560,553.94,820,166.91
8/1/1998,1,386,666.45,564,420.41,822,246.04
9/1/1998,1,397,289.73,568,615.69,828,674.04
10/1/1998,1,405,396.66,572,289.34,833,107.33
11/1/1998,1,408,442.69,571,207.79,837,234.90
12/1/1998,1,420,996.44,581,414.78,839,581.66
1/1/1999,1,431,236.93,585,177.01,846,059.93
2/1/1999,1,441,314.59,585,454.04,855,860.56
3/1/1999,1,450,878.82,585,157.22,865,721.60
4/1/1999,1,457,670.57,585,734.42,871,936.15
5/1/1999,1,468,146.61,588,377.69,879,768.92
6/1/1999,1,479,315.32,594,610.74,884,704.58
7/1/1999,1,492,377.60,600,995.38,891,382.22
8/1/1999,1,503,226.61,603,528.93,899,697.68
9/1/1999,1,511,059.26,606,886.56,904,172.70
10/1/1999,1,517,281.83,608,141.54,909,140.29
11/1/1999,1,525,334.42,610,101.83,915,232.59
12/1/1999,1,531,105.96,610,696.47,920,409.49
1/1/2000,1,538,520.18,614,846.55,923,673.63
2/1/2000,1,549,185.29,617,332.56,931,852.73
3/1/2000,1,561,450.69,622,510.97,938,939.72
4/1/2000,1,570,527.74,625,735.94,944,791.80
5/1/2000,1,583,507.92,631,857.15,951,650.78
6/1/2000,1,609,548.04,639,158.55,970,389.49
7/1/2000,1,629,751.44,646,927.01,982,824.43
8/1/2000,1,651,615.40,656,021.89,995,593.51
9/1/2000,1,669,000.81,661,996.81,1,007,004.00
10/1/2000,1,684,599.32,667,948.15,1,016,651.17
11/1/2000,1,700,944.54,673,994.74,1,026,949.80
12/1/2000,1,716,969.72,682,646.37,1,034,323.35
1/1/2001,1,729,851.68,686,761.50,1,043,090.18
2/1/2001,1,748,702.02,697,982.51,1,050,719.51
3/1/2001,1,760,541.84,702,560.77,1,057,981.07
4/1/2001,1,773,098.33,707,447.02,1,065,651.31
5/1/2001,1,781,177.46,709,590.51,1,071,586.95
6/1/2001,1,792,368.09,712,002.55,1,080,365.55
7/1/2001,1,797,350.57,707,890.02,1,089,460.56
8/1/2001,1,806,359.04,706,691.34,1,099,667.70
9/1/2001,1,814,252.38,707,262.63,1,106,989.75
10/1/2001,1,829,840.26,705,408.52,1,124,431.74
11/1/2001,1,857,842.79,712,658.74,1,145,184.05
12/1/2001,1,867,852.87,714,840.73,1,153,012.14
1/1/2002,1,867,418.69,714,781.50,1,152,637.20
2/1/2002,1,881,905.37,714,822.10,1,167,083.27
3/1/2002,1,894,690.33,719,956.04,1,174,734.29
4/1/2002,1,903,957.99,725,227.70,1,178,730.28
5/1/2002,1,914,613.99,728,364.10,1,186,249.89
6/1/2002,1,927,180.98,732,813.38,1,194,367.60
7/1/2002,1,939,211.40,736,264.46,1,202,946.94
8/1/2002,1,947,500.09,740,489.45,1,207,010.64
9/1/2002,1,950,651.39,743,326.36,1,207,325.03
10/1/2002,1,957,151.30,747,939.58,1,209,211.73
11/1/2002,1,965,179.13,749,906.22,1,215,272.90
12/1/2002,1,972,112.21,750,947.45,1,221,164.76
1/1/2003,1,982,561.31,754,789.40,1,227,771.91
2/1/2003,1,993,405.69,758,601.34,1,234,804.35
3/1/2003,2,001,208.15,759,655.21,1,241,552.94
4/1/2003,2,014,099.78,760,752.43,1,253,347.35
5/1/2003,2,027,502.51,763,704.74,1,263,797.77
6/1/2003,2,033,268.41,763,814.88,1,269,453.53
7/1/2003,2,040,064.39,764,388.66,1,275,675.74
8/1/2003,2,049,124.34,766,324.40,1,282,799.94
9/1/2003,2,057,090.79,766,041.92,1,291,048.87
10/1/2003,2,065,495.10,765,535.19,1,299,959.91
11/1/2003,2,066,400.09,765,007.92,1,301,392.17
12/1/2003,2,077,360.69,768,258.31,1,309,102.38
1/1/2004,2,088,243.04,770,672.50,1,317,570.54
2/1/2004,2,095,340.36,772,362.27,1,322,978.09
3/1/2004,2,109,720.32,778,092.48,1,331,627.84
4/1/2004,2,112,716.15,775,554.79,1,337,161.36
5/1/2004,2,120,839.15,778,088.65,1,342,750.50
6/1/2004,2,127,989.41,779,731.22,1,348,258.19
7/1/2004,2,137,092.98,786,087.14,1,351,005.83
8/1/2004,2,143,435.12,787,011.66,1,356,423.46
9/1/2004,2,160,148.30,793,635.81,1,366,512.48
10/1/2004,2,176,719.34,796,696.49,1,380,022.85
11/1/2004,2,183,746.35,797,184.97,1,386,561.38
12/1/2004,2,192,246.17,799,552.18,1,392,693.99
1/1/2005,2,196,777.63,804,635.76,1,392,141.86
2/1/2005,2,211,558.71,804,107.29,1,407,451.42
3/1/2005,2,220,199.19,804,639.97,1,415,559.22
4/1/2005,2,232,535.38,810,558.39,1,421,976.98
5/1/2005,2,232,671.52,809,211.55,1,423,459.97
6/1/2005,2,247,833.43,814,181.65,1,433,651.78
7/1/2005,2,257,230.94,814,908.46,1,442,322.48
8/1/2005,2,267,044.88,817,842.41,1,449,202.47
9/1/2005,2,271,633.28,819,651.75,1,451,981.53
10/1/2005,2,276,843.14,821,082.67,1,455,760.47
11/1/2005,2,283,661.27,825,878.08,1,457,783.19
12/1/2005,2,290,928.13,829,518.36,1,461,409.78
1/1/2006,2,367,471.08,879,577.12,1,487,893.96
2/1/2006,2,374,977.32,885,289.73,1,489,687.58
3/1/2006,2,385,807.89,888,243.58,1,497,564.31
4/1/2006,2,397,680.60,893,526.92,1,504,153.67
5/1/2006,2,407,161.45,899,471.33,1,507,690.12
6/1/2006,2,395,813.18,897,483.31,1,498,329.88
7/1/2006,2,403,099.25,898,676.63,1,504,422.61
8/1/2006,2,415,732.03,903,924.28,1,511,807.75
9/1/2006,2,426,813.23,907,814.35,1,518,998.89
10/1/2006,2,429,399.86,911,614.51,1,517,785.34
11/1/2006,2,440,749.07,917,346.18,1,523,402.89
12/1/2006,2,456,715.70,923,876.78,1,532,838.92
1/1/2007,2,457,945.58,927,629.46,1,530,316.12
2/1/2007,2,470,049.92,933,355.80,1,536,694.12
3/1/2007,2,484,433.18,938,463.58,1,545,969.60
4/1/2007,2,493,729.77,941,386.51,1,552,343.26
5/1/2007,2,510,016.06,950,626.04,1,559,390.02
6/1/2007,2,519,121.04,953,925.09,1,565,195.95
7/1/2007,2,533,667.67,958,322.31,1,575,345.36
8/1/2007,2,552,767.07,968,225.62,1,584,541.45
9/1/2007,2,566,995.36,975,499.77,1,591,495.59
10/1/2007,2,582,326.03,982,852.85,1,599,473.18
11/1/2007,2,597,649.30,994,565.28,1,603,084.02
12/1/2007,2,609,476.53,1,001,625.30,1,607,851.24
1/1/2008,2,621,084.28,1,008,308.95,1,612,775.34
2/1/2008,2,635,484.46,1,015,091.54,1,620,392.92
3/1/2008,2,645,924.47,1,018,108.36,1,627,816.11
4/1/2008,2,655,371.63,1,020,697.44,1,634,674.19
5/1/2008,2,658,754.34,1,020,027.40,1,638,726.93
6/1/2008,2,662,283.95,1,020,482.75,1,641,801.20
7/1/2008,2,664,756.40,1,019,692.80,1,645,063.60
8/1/2008,2,660,318.80,1,017,703.42,1,642,615.38
9/1/2008,2,655,627.65,1,012,607.91,1,643,019.73
10/1/2008,2,658,580.39,1,016,901.81,1,641,678.58
11/1/2008,2,650,251.00,1,010,477.69,1,639,773.31
12/1/2008,2,643,788.96,1,003,997.04,1,639,791.92
1/1/2009,2,648,663.22,1,006,740.18,1,641,923.04
2/1/2009,2,638,360.68,997,597.71,1,640,762.97
3/1/2009,2,621,887.66,985,470.14,1,636,417.52
4/1/2009,2,613,945.64,980,706.49,1,633,239.14
5/1/2009,2,607,999.70,968,046.65,1,639,953.06
6/1/2009,2,590,168.20,964,260.37,1,625,907.83
7/1/2009,2,587,039.08,960,522.84,1,626,516.24
8/1/2009,2,577,680.56,950,949.11,1,626,731.45
9/1/2009,2,572,060.55,946,683.37,1,625,377.18
10/1/2009,2,558,113.98,939,268.19,1,618,845.79
11/1/2009,2,549,072.37,924,696.81,1,624,375.55
12/1/2009,2,555,016.64,916,076.63,1,638,940.01
1/1/2010,2,540,990.62,909,414.58,1,631,576.04
2/1/2010,2,530,226.90,902,398.05,1,627,828.84
3/1/2010,2,536,799.38,899,086.61,1,637,712.77
4/1/2010,2,530,995.98,894,671.13,1,636,324.85
5/1/2010,2,523,156.73,884,981.63,1,638,175.11
6/1/2010,2,519,579.51,877,586.32,1,641,993.19
7/1/2010,2,517,785.93,871,875.51,1,645,910.42
8/1/2010,2,517,768.29,865,656.95,1,652,111.34
9/1/2010,2,518,722.02,859,847.95,1,658,874.07
10/1/2010,2,527,859.88,853,770.48,1,674,089.40
11/1/2010,2,528,188.93,850,268.47,1,677,920.46
12/1/2010,2,646,811.26,839,102.67,1,807,708.59
1/1/2011,2,655,049.53,835,422.42,1,819,627.11
2/1/2011,2,664,470.07,833,988.41,1,830,481.66
3/1/2011,2,672,926.36,836,524.26,1,836,402.10
4/1/2011,2,678,993.68,832,509.25,1,846,484.43
5/1/2011,2,686,005.02,834,314.19,1,851,690.83
6/1/2011,2,694,690.70,836,942.36,1,857,748.33
7/1/2011,2,716,646.44,836,093.42,1,880,553.02
8/1/2011,2,708,704.97,836,014.36,1,872,690.61
9/1/2011,2,719,423.45,837,546.84,1,881,876.61
10/1/2011,2,727,948.61,837,703.60,1,890,245.02
11/1/2011,2,746,200.94,842,449.98,1,903,750.96
12/1/2011,2,757,793.85,841,097.23,1,916,696.63
1/1/2012,2,768,695.91,841,179.80,1,927,516.10
2/1/2012,2,777,972.31,842,540.72,1,935,431.59
3/1/2012,2,791,947.54,842,342.75,1,949,604.78
4/1/2012,2,805,100.98,839,639.85,1,965,461.13
5/1/2012,2,824,704.53,844,971.66,1,979,732.88
6/1/2012,2,836,831.83,843,359.18,1,993,472.64
7/1/2012,2,845,296.44,841,354.99,2,003,941.45
8/1/2012,2,862,654.31,845,659.82,2,016,994.49
9/1/2012,2,872,460.10,844,825.26,2,027,634.83
10/1/2012,2,890,158.82,847,632.21,2,042,526.61
11/1/2012,2,907,882.15,849,729.24,2,058,152.92
12/1/2012,2,919,718.06,845,231.90,2,074,486.16
1/1/2013,2,935,869.31,848,820.40,2,087,048.91
2/1/2013,2,956,991.82,851,902.34,2,105,089.49
3/1/2013,2,967,411.35,850,581.01,2,116,830.34
4/1/2013,2,977,593.09,849,932.16,2,127,660.93
5/1/2013,2,992,682.14,852,977.20,2,139,704.94
6/1/2013,3,003,715.25,851,234.73,2,152,480.52
7/1/2013,3,018,233.65,851,761.55,2,166,472.10
8/1/2013,3,033,565.38,852,625.25,2,180,940.14
9/1/2013,3,051,014.12,853,616.62,2,197,397.51
10/1/2013,3,068,616.77,857,011.77,2,211,604.99
11/1/2013,3,081,173.42,855,549.48,2,225,623.93
12/1/2013,3,095,560.81,857,063.83,2,238,496.98
1/1/2014,3,114,371.92,860,583.60,2,253,788.31
2/1/2014,3,132,486.80,863,325.64,2,269,161.16
3/1/2014,3,151,059.13,865,233.75,2,285,825.37
4/1/2014,3,174,782.17,872,642.08,2,302,140.09
5/1/2014,3,193,535.71,875,612.24,2,317,923.47
6/1/2014,3,209,257.59,876,471.76,2,332,785.84
7/1/2014,3,231,282.40,881,649.12,2,349,633.28
8/1/2014,3,247,286.97,882,929.73,2,364,357.24
9/1/2014,3,263,928.32,883,887.03,2,380,041.29
10/1/2014,3,275,608.76,886,501.58,2,389,107.18
11/1/2014,3,291,244.84,887,608.92,2,403,635.91
12/1/2014,3,317,446.08,891,067.64,2,426,378.44
1/1/2015,3,331,528.26,891,540.85,2,439,987.41
2/1/2015,3,350,508.90,892,335.69,2,458,173.21
3/1/2015,3,373,184.14,898,382.18,2,474,801.96
4/1/2015,3,394,456.89,904,571.67,2,489,885.22
5/1/2015,3,412,350.59,906,919.35,2,505,431.24
6/1/2015,3,436,811.18,912,807.68,2,524,003.50
7/1/2015,3,455,030.95,916,313.79,2,538,717.17
8/1/2015,3,468,300.50,919,339.00,2,548,961.50
9/1/2015,3,495,814.25,925,543.81,2,570,270.44
10/1/2015,3,511,967.48,928,084.56,2,583,882.93
11/1/2015,3,531,456.63,934,651.50,2,596,805.13
12/1/2015,3,417,156.61,909,582.41,2,507,574.19
1/1/2016,3,434,682.92,911,730.09,2,522,952.83
2/1/2016,3,450,232.43,913,638.09,2,536,594.33
3/1/2016,3,474,807.28,924,805.71,2,550,001.57
4/1/2016,3,494,064.72,927,396.24,2,566,668.49
5/1/2016,3,514,208.75,931,629.98,2,582,578.77
6/1/2016,3,528,972.18,939,530.07,2,589,442.11
7/1/2016,3,545,808.71,942,696.09,2,603,112.63
8/1/2016,3,570,125.81,948,306.55,2,621,819.26
9/1/2016,3,587,991.76,952,250.85,2,635,740.92
10/1/2016,3,608,938.41,955,309.47,2,653,628.93
11/1/2016,3,633,454.69,967,633.03,2,665,821.66
12/1/2016,3,645,235.50,969,632.28,2,675,603.22
1/1/2017,3,660,376.86,970,518.92,2,689,857.94
2/1/2017,3,678,885.68,975,479.61,2,703,406.06
3/1/2017,3,692,901.34,979,867.14,2,713,034.19
4/1/2017,3,706,365.67,981,000.64,2,725,365.04
5/1/2017,3,724,468.19,987,546.34,2,736,921.86
6/1/2017,3,736,071.52,991,888.05,2,744,183.47
7/1/2017,3,750,821.09,992,755.42,2,758,065.67
8/1/2017,3,760,916.49,997,512.15,2,763,404.35
9/1/2017,3,778,737.11,1,003,217.27,2,775,519.84
10/1/2017,3,799,269.18,1,011,516.80,2,787,752.38
11/1/2017,3,827,220.27,1,022,709.96,2,804,510.30
